Name,Team,Type,National Side,Born,Age,Bowling,Batting Style,Sport,MatchPlayed,,,,,,,,,,,,,,,,,,,,,,,,,,,
Mayank,PBKS,Batsman ,India,"February 16, 1991 Bangalore, Karnataka","31 Years, 0 Months, 28 Days",Off break,Right Handed,,100,,,,,,,,,,,,,,,,,,,,,,,,,,,
Liam Livingstone,PBKS,All-Rounder ,England,"August 4, 1993 Barrow-in-Furness, Cumberland","28 Years, 7 Months, 11 Days",Leg break,Right Handed,IPL,9,,,,,,,,,,,,,,,,,,,,,,,,,,,
Kagiso Rabada,PBKS,Bowler ,South Africa,"May 25, 1995 Johannesburg","26 Years, 9 Months, 22 Days",Right-arm fast,Left Handed,IPL,50,,,,,,,,,,,,,,,,,,,,,,,,,,,
Shahrukh Khan,PBKS,All-Rounder ,India,"May 27, 1995 Chennai, Tamil Nadu","26 Years, 9 Months, 20 Days",Off break,Right Handed,,11,,,,,,,,,,,,,,,,,,,,,,,,,,,
Shikhar Dhawan,PBKS,Batsman ,India,"December 5, 1985 Delhi","36 Years, 3 Months, 10 Days",Off break,Left Handed,IPL,192,,,,,,,,,,,,,,,,,,,,,,,,,,,
Jonny Bairstow,PBKS,Wicket-Keeper ,England,"September 26, 1989 Bradford, Yorkshire","32 Years, 5 Months, 19 Days",Right-arm medium,Right Handed,,28,,,,,,,,,,,,,,,,,,,,,,,,,,,
Odean Smith,PBKS,All-Rounder ,West Indies,"November 1, 1996 St. Elizabeth, Jamaica","25 Years, 4 Months, 14 Days",Right-arm medium,Right Handed,,,,,,,,,,,,,,,,,,,,,,,,,,,,,
Rahul Chahar,PBKS,Bowler ,India,"August 4, 1999 Bharaatpur, Rajasthan","22 Years, 7 Months, 12 Days",Leg break googly,Right Handed,IPL,42,,,,,,,,,,,,,,,,,,,,,,,,,,,
Arshdeep Singh,PBKS,Bowler ,India,"February 5, 1999 Guna, Madhya Pradesh","23 Years, 1 Months, 8 Days",Left-arm medium fast,Left Handed,IPL,23,,,,,,,,,,,,,,,,,,,,,,,,,,,
Harpreet Brar,PBKS,All-Rounder ,India,"September 16, 1995 Moga, Punjab","26 Years, 6 Months, 0 Days",Slow left-arm orthodox,Left Handed,IPL,10,,,,,,,,,,,,,,,,,,,,,,,,,,,
Vaibhav Arora,PBKS,Bowler ,India,"December 14, 1997 Himachal Pradesh","24 Years, 3 Months, 1 Days",Right-arm fast medium,Right Handed,,,,,,,,,,,,,,,,,,,,,,,,,,,,,
Raj Bawa,PBKS,All-Rounder ,India,"November 12, 2002 Nahan, Himachal Pradesh","19 Years, 4 Months, 3 Days",Right-arm medium fast,Left Handed,,,,,,,,,,,,,,,,,,,,,,,,,,,,,
Nathan Ellis,PBKS,Bowler ,Australia,"September 22, 1994 Greenacre, New South Wales","27 Years, 5 Months, 23 Days",Right-arm fast medium,Right Handed,IPL,3,,,,,,,,,,,,,,,,,,,,,,,,,,,
Prabhsimran Singh,PBKS,Wicket-Keeper ,India,"August 10, 2000","21 Years, 7 Months, 5 Days",,Right Handed,,5,,,,,,,,,,,,,,,,,,,,,,,,,,,
Rishi Dhawan,PBKS,All-Rounder ,India,"February 19, 1990 Mandi, Himachal Pradesh","32 Years, 0 Months, 24 Days",Right-arm medium fast,Right Handed,IPL,26,,,,,,,,,,,,,,,,,,,,,,,,,,,
Bhanuka Rajapaksa,PBKS,Batsman ,Sri Lanka,"October 24, 1991","30 Years, 4 Months, 23 Days",,,Cricket,,,,,,,,,,,,,,,,,,,,,,,,,,,,
Sandeep Sharma,PBKS,Bowler ,India,"May 18, 1993 Patiala, Punjab","28 Years, 9 Months, 28 Days",Right-arm medium,Right Handed,IPL,99,,,,,,,,,,,,,,,,,,,,,,,,,,,
Benny Howell,PBKS,All-Rounder ,England,"October 05, 1988","33 Years, 5 Months, 10 Days",,,Cricket,,,,,,,,,,,,,,,,,,,,,,,,,,,,
Ishan Porel,PBKS,Bowler ,India,"September 5, 1998 Hooghly, Bengal","23 Years, 6 Months, 10 Days",Right-arm medium,Right Handed,IPL,1,,,,,,,,,,,,,,,,,,,,,,,,,,,
Prerak Mankad,PBKS,All-Rounder ,India,"April 23, 1994 Sirohi, Saurashtra","27 Years, 10 Months, 22 Days",Right-arm medium,Right Handed,,,,,,,,,,,,,,,,,,,,,,,,,,,,,
Atharva Taide,PBKS,All-Rounder ,India,"April 26, 2000 Akola Maharashtra","21 Years, 10 Months, 19 Days",Slow left-arm orthodox,Left Handed,,,,,,,,,,,,,,,,,,,,,,,,,,,,,
Ansh Patel,PBKS,All-Rounder ,India,"February 19, 2002 Vadodara, Gujarat","20 Years, 0 Months, 24 Days",Slow left-arm orthodox,Right Handed,,,,,,,,,,,,,,,,,,,,,,,,,,,,,
Jitesh Sharma,PBKS,Wicket-Keeper ,India,"October 22, 1993 Amrawati, Maharashtra","28 Years, 4 Months, 24 Days",,Right Handed,,,,,,,,,,,,,,,,,,,,,,,,,,,,,
Writtick Chatterjee,PBKS,All-Rounder ,India,"September 28, 1992 Jamtara, Bengal","29 Years, 5 Months, 17 Days",Off break,Right Handed,,,,,,,,,,,,,,,,,,,,,,,,,,,,,
Baltej Singh,PBKS,Bowler ,India,"November 4, 1990 Ludhiana, Punjab","31 Years, 4 Months, 11 Days",Right-arm medium,Right Handed,,,,,,,,,,,,,,,,,,,,,,,,,,,,,
Kane Williamson,SRH,Batsman ,New Zealand,"August 8, 1990 Tauranga","31 Years, 7 Months, 7 Days",Off break,Right Handed,IPL,63,,,,,,,,,,,,,,,,,,,,,,,,,,,
Nicholas Pooran,SRH,Wicket-Keeper ,West Indies,"October 2, 1995 Trinidad","26 Years, 5 Months, 14 Days",,Left Handed,,33,,,,,,,,,,,,,,,,,,,,,,,,,,,
Washington Sundar,SRH,All-Rounder ,India,"October 5, 1999 Chennai, Tamil Nadu","22 Years, 5 Months, 11 Days",Off break,Left Handed,IPL,42,,,,,,,,,,,,,,,,,,,,,,,,,,,
Rahul Tripathi,SRH,Batsman ,India,"March 2, 1991 Ranchi, Jharkhand","31 Years, 0 Months, 14 Days",Right-arm medium,Right Handed,IPL,62,,,,,,,,,,,,,,,,,,,,,,,,,,,
Romario Shepherd,SRH,All-Rounder ,West Indies,"November 26, 1994 Guyana","27 Years, 3 Months, 19 Days",Right-arm medium fast,Right Handed,,,,,,,,,,,,,,,,,,,,,,,,,,,,,
Abhishek Sharma,SRH,All-Rounder ,India,"September 4, 2000 Amritsar, Punjab","21 Years, 6 Months, 11 Days",Slow left-arm orthodox,Left Handed,IPL,22,,,,,,,,,,,,,,,,,,,,,,,,,,,
Bhuvneshwar Kumar,SRH,Bowler ,India,"February 5, 1990 Meerut, Uttar Pradesh","32 Years, 1 Months, 7 Days",Right-arm medium,Right Handed,IPL,132,,,,,,,,,,,,,,,,,,,,,,,,,,,
Marco Jansen,SRH,All-Rounder ,South Africa,"May 1, 2000 Potchefstroom, North West, South Africa","21 Years, 10 Months, 14 Days",Left-arm fast,Right Handed,IPL,2,,,,,,,,,,,,,,,,,,,,,,,,,,,
Umran Malik,SRH,Bowler ,India,"November 22, 1999 Srinagar, Jammu & Kashmir","22 Years, 3 Months, 24 Days",Right-arm medium fast,Right Handed,IPL,3,,,,,,,,,,,,,,,,,,,,,,,,,,,
Abdul Samad,SRH,Batsman ,India,"October 28, 2001 Kala Kot, Jammu & Kashmir","20 Years, 4 Months, 18 Days",Leg break,Right Handed,IPL,23,,,,,,,,,,,,,,,,,,,,,,,,,,,
T Natarajan,SRH,Bowler ,India,"May 27, 1991 Salem","30 Years, 9 Months, 20 Days",Left-arm medium,Left Handed,IPL,24,,,,,,,,,,,,,,,,,,,,,,,,,,,
Kartik Tyagi,SRH,Bowler ,India,"November 8, 2000 Hapur, Uttar Pradesh","21 Years, 4 Months, 7 Days",Right-arm medium fast,Right Handed,IPL,14,,,,,,,,,,,,,,,,,,,,,,,,,,,
Aiden Markram,SRH,Batsman ,South Africa,"October 4, 1994 Centurion","27 Years, 5 Months, 11 Days",Off break,Right Handed,IPL,6,,,,,,,,,,,,,,,,,,,,,,,,,,,
Sean Abbott,SRH,Bowler ,Australia,"February 29, 1992 Windsor, New South Wales","30 Years, 0 Months, 15 Days",Right-arm fast medium,Right Handed,IPL,2,,,,,,,,,,,,,,,,,,,,,,,,,,,
Glenn Phillips,SRH,Wicket-Keeper ,New Zealand,"December 6, 1996 East London, Eastern Cape","25 Years, 3 Months, 9 Days",Off break,Right Handed,IPL,3,,,,,,,,,,,,,,,,,,,,,,,,,,,
Shreyas Gopal,SRH,Bowler ,India,"September 4, 1993 Banglaore, Karnataka","28 Years, 6 Months, 11 Days",Leg break,Right Handed,IPL,48,,,,,,,,,,,,,,,,,,,,,,,,,,,
Fazalhaq Farooqi,SRH,Bowler ,Afghanistan,"September 22, 2000 Baghlan","21 Years, 5 Months, 23 Days",Left-arm medium,Right Handed,,,,,,,,,,,,,,,,,,,,,,,,,,,,,
Vishnu Vinod,SRH,Wicket-Keeper ,India,"December 2, 1993 Pathanamthitta, Kerala","28 Years, 3 Months, 13 Days",,Right Handed,,3,,,,,,,,,,,,,,,,,,,,,,,,,,,
Priyam Garg,SRH,Batsman ,India,"November 30, 2000 Meerut, Uttar Pradesh","21 Years, 3 Months, 15 Days",Right-arm medium,Right Handed,,19,,,,,,,,,,,,,,,,,,,,,,,,,,,
Saurabh Dubey,SRH,Bowler ,India,"January 23, 1998","24 Years, 1 Months, 20 Days",Left-arm medium fast,Right Handed,,,,,,,,,,,,,,,,,,,,,,,,,,,,,
Jagadeesha Suchith,SRH,Bowler ,India,"January 16, 1994 Mysore","28 Years, 2 Months, -1 Days",Slow left-arm orthodox,Left Handed,IPL,17,,,,,,,,,,,,,,,,,,,,,,,,,,,
Shashank Singh,SRH,All-Rounder ,India,"November 21, 1991 Bhilai","30 Years, 3 Months, 25 Days",Off break,Right Handed,,,,,,,,,,,,,,,,,,,,,,,,,,,,,
Ravikumar Samarth,SRH,Batsman ,India,"January 22, 1993","29 Years, 1 Months, 21 Days",,,Cricket,,,,,,,,,,,,,,,,,,,,,,,,,,,,
Sanju Samson,RR,Wicket-Keeper ,India,"November 11, 1994 Pulluvila, Vizhinjam, Trivandrum","27 Years, 4 Months, 4 Days",,Right Handed,,121,,,,,,,,,,,,,,,,,,,,,,,,,,,
Prasidh Krishna,RR,Bowler ,India,"February 19, 1996 Bangalore, Karnataka","26 Years, 0 Months, 25 Days",Right-arm medium fast,Right Handed,IPL,34,,,,,,,,,,,,,,,,,,,,,,,,,,,
Jos Buttler,RR,Wicket-Keeper ,England,"September 8, 1990 Taunton, Somerset","31 Years, 6 Months, 7 Days",,Right Handed,,65,,,,,,,,,,,,,,,,,,,,,,,,,,,
Shimron Hetmyer,RR,Batsman ,West Indies,"December 26, 1996 Cumberland, Berbice","25 Years, 2 Months, 20 Days",,Left Handed,,31,,,,,,,,,,,,,,,,,,,,,,,,,,,
Trent Boult,RR,Bowler ,New Zealand,"July 22, 1989 Rotorua","32 Years, 7 Months, 24 Days",Left-arm fast medium,Right Handed,IPL,62,,,,,,,,,,,,,,,,,,,,,,,,,,,
Devdutt Padikkal,RR,Batsman ,India,"July 7, 2000 Edapal, Kerala","21 Years, 8 Months, 8 Days",Off break,Left Handed,,29,,,,,,,,,,,,,,,,,,,,,,,,,,,
Yuzvendra Chahal,RR,Bowler ,India,"July 23, 1990 Jind, Haryana, India","31 Years, 7 Months, 23 Days",Leg break googly,Right Handed,IPL,114,,,,,,,,,,,,,,,,,,,,,,,,,,,
Ravichandran Ashwin,RR,All-Rounder ,India,"September 17, 1986 Chennai, Tamil Nadu","35 Years, 5 Months, 28 Days",Off break,Right Handed,IPL,167,,,,,,,,,,,,,,,,,,,,,,,,,,,
Yashasvi Jaiswal,RR,Batsman ,India,"December 28, 2001 Suriya, Uttar Pradesh","20 Years, 2 Months, 18 Days",Leg break,Left Handed,,13,,,,,,,,,,,,,,,,,,,,,,,,,,,
Riyan Parag,RR,All-Rounder ,India,"November 10, 2001 Guwahati, Assam","20 Years, 4 Months, 5 Days",Leg break,Right Handed,IPL,30,,,,,,,,,,,,,,,,,,,,,,,,,,,
Navdeep Saini,RR,Bowler ,India,"November 23, 1992 Karnal, Haryana","29 Years, 3 Months, 22 Days",Right-arm fast,Right Handed,IPL,28,,,,,,,,,,,,,,,,,,,,,,,,,,,
Nathan Coulter-Nile,RR,Bowler ,Australia,"October 11, 1987 Osborne Park, Western Australia","34 Years, 5 Months, 5 Days",Right-arm fast,Right Handed,IPL,38,,,,,,,,,,,,,,,,,,,,,,,,,,,
James Neesham,RR,All-Rounder ,New Zealand,"September 17, 1990 Auckland","31 Years, 5 Months, 28 Days",Right-arm medium fast,Left Handed,IPL,12,,,,,,,,,,,,,,,,,,,,,,,,,,,
Karun Nair,RR,Batsman ,India,"December 6, 1991 Jodhpur, Rajasthan","30 Years, 3 Months, 10 Days",Off break,Right Handed,,73,,,,,,,,,,,,,,,,,,,,,,,,,,,
Rassie van der Dussen,RR,Batsman ,,,,,,,,,,,,,,,,,,,,,,,,,,,,,,,,,,
Obed McCoy,RR,Bowler ,West Indies,"January 4, 1997","25 Years, 2 Months, 11 Days",Left-arm medium fast,Left Handed,,,,,,,,,,,,,,,,,,,,,,,,,,,,,
Daryl Mitchell,RR,All-Rounder ,New Zealand,"May 20, 1991 Hamilton","30 Years, 9 Months, 27 Days",Right-arm medium,Right Handed,,,,,,,,,,,,,,,,,,,,,,,,,,,,,
KC Cariappa,RR,Bowler ,India,"April 13, 1994 Bangalore, Karnataka","27 Years, 11 Months, 2 Days",Leg break,Right Handed,IPL,11,,,,,,,,,,,,,,,,,,,,,,,,,,,
Tejas Baroka,RR,Bowler ,India,"February 1, 1996 Pondicherry","26 Years, 1 Months, 12 Days",Leg break googly,Right Handed,IPL,1,,,,,,,,,,,,,,,,,,,,,,,,,,,
Kuldip Yadav,RR,Bowler ,India,"October 15, 1996","25 Years, 5 Months, 0 Days",Left-arm medium fast,Left Handed,IPL,1,,,,,,,,,,,,,,,,,,,,,,,,,,,
Dhruv Jurel,RR,Wicket-Keeper ,India,"January 21, 2001 Agra, Uttar Pradesh","21 Years, 1 Months, 22 Days",,Right Handed,,,,,,,,,,,,,,,,,,,,,,,,,,,,,
Kuldeep Sen,RR,Bowler ,India,"October 22, 1996 Rewa, Madhya Pradesh, India","25 Years, 4 Months, 24 Days",Right-arm fast medium,Right Handed,,,,,,,,,,,,,,,,,,,,,,,,,,,,,
Shubham Garhwal,RR,All-Rounder ,India,"May 14, 1995 Jodhpur, Rajasthan","26 Years, 10 Months, 2 Days",Slow left-arm orthodox,Left Handed,,,,,,,,,,,,,,,,,,,,,,,,,,,,,
Anunay Singh,RR,All-Rounder ,India,"January 3, 1993 Vaishali, Bihar","29 Years, 2 Months, 12 Days",Right-arm medium,Right Handed,,,,,,,,,,,,,,,,,,,,,,,,,,,,,
Virat Kohli,RCB,Batsman ,India,"November 5, 1988 Delhi","33 Years, 4 Months, 10 Days",Right-arm medium,Right Handed,IPL,207,,,,,,,,,,,,,,,,,,,,,,,,,,,
Glenn Maxwell,RCB,All-Rounder ,Australia,"October 14, 1988 Kew, Melbourne, Victoria","33 Years, 5 Months, 1 Days",Off break,Right Handed,IPL,97,,,,,,,,,,,,,,,,,,,,,,,,,,,
Harshal Patel,RCB,All-Rounder ,India,"November 23, 1990 Sanand, Gujarat","31 Years, 3 Months, 22 Days",Right-arm medium,Right Handed,IPL,63,,,,,,,,,,,,,,,,,,,,,,,,,,,
Wanindu Hasaranga,RCB,All-Rounder ,Sri Lanka,"July 29, 1997 Galle","24 Years, 7 Months, 17 Days",Leg break,Right Handed,IPL,2,,,,,,,,,,,,,,,,,,,,,,,,,,,
Josh Hazlewood,RCB,Bowler ,Australia,"January 8, 1991 Tamworth, New South Wales, Australia","31 Years, 2 Months, 7 Days",Right-arm fast medium,Left Handed,IPL,12,,,,,,,,,,,,,,,,,,,,,,,,,,,
Faf du Plessis,RCB,Batsman ,South Africa,"July 13, 1984 Pretoria, Transvaal","37 Years, 8 Months, 2 Days",Leg break,Right Handed,IPL,100,,,,,,,,,,,,,,,,,,,,,,,,,,,
Mohammed Siraj,RCB,Bowler ,India,"March 13, 1994 Hyderabad","28 Years, 0 Months, 2 Days",Right-arm medium fast,Right Handed,IPL,50,,,,,,,,,,,,,,,,,,,,,,,,,,,
Dinesh Karthik,RCB,Wicket-Keeper ,India,"June 1, 1985 Chennai, Tamil Nadu","36 Years, 9 Months, 14 Days",Off break,Right Handed,,213,,,,,,,,,,,,,,,,,,,,,,,,,,,
Anuj Rawat,RCB,Wicket-Keeper ,India,"October 17, 1999 Ram Nagar, Uttarakhand","22 Years, 5 Months, -1 Days",,Left Handed,,2,,,,,,,,,,,,,,,,,,,,,,,,,,,
Shahbaz Ahmed,RCB,All-Rounder ,India,"December 12, 1994 Mewat, Haryana","27 Years, 3 Months, 3 Days",Slow left-arm orthodox,Left Handed,IPL,13,,,,,,,,,,,,,,,,,,,,,,,,,,,
David Willey,RCB,All-Rounder ,England,"February 28, 1990 Northampton","32 Years, 0 Months, 15 Days",Left-arm fast medium,Left Handed,IPL,3,,,,,,,,,,,,,,,,,,,,,,,,,,,
Sherfane Rutherford,RCB,All-Rounder ,West Indies,"August 15, 1998","23 Years, 7 Months, 0 Days",Right-arm fast medium,Left Handed,IPL,7,,,,,,,,,,,,,,,,,,,,,,,,,,,
Mahipal Lomror,RCB,All-Rounder ,India,"November 16, 1999 Nagaur, Rajasthan","22 Years, 4 Months, 0 Days",Slow left-arm orthodox,Left Handed,IPL,11,,,,,,,,,,,,,,,,,,,,,,,,,,,
Finn Allen,RCB,Batsman ,New Zealand,"April 22, 1999 Auckland","22 Years, 10 Months, 24 Days",,Right Handed,,,,,,,,,,,,,,,,,,,,,,,,,,,,,
Jason Behrendorff,RCB,Bowler ,Australia,"April 20, 1990 Camden, New South Wales","31 Years, 10 Months, 25 Days",Left-arm fast medium,Right Handed,IPL,5,,,,,,,,,,,,,,,,,,,,,,,,,,,
Siddarth Kaul,RCB,Bowler ,India,"May 19, 1990 Pathankot, Punjab","31 Years, 9 Months, 27 Days",Right-arm medium,Right Handed,IPL,54,,,,,,,,,,,,,,,,,,,,,,,,,,,
Karn Sharma,RCB,Bowler ,India,"October 23, 1987 Meerut, Uttar Pradesh","34 Years, 4 Months, 24 Days",Leg break googly,Left Handed,IPL,68,,,,,,,,,,,,,,,,,,,,,,,,,,,
Suyash Prabhudessai,RCB,All-Rounder ,India,"December 6, 1997","24 Years, 3 Months, 9 Days",Right-arm medium,Right Handed,,,,,,,,,,,,,,,,,,,,,,,,,,,,,
Chama Milind,RCB,Bowler ,,,,,,,,,,,,,,,,,,,,,,,,,,,,,,,,,,
Aneeshwar Gautam,RCB,All-Rounder ,India,"January 16, 2003 Bengaluru, Karnataka","19 Years, 2 Months, -1 Days",Slow left-arm orthodox,Left Handed,,,,,,,,,,,,,,,,,,,,,,,,,,,,,
Akash Deep,RCB,Bowler ,India,"December 15, 1996 Dehri, (Rotas), Bihar","25 Years, 3 Months, 0 Days",Right-arm medium,Right Handed,,,,,,,,,,,,,,,,,,,,,,,,,,,,,
Luvnith Sisodia,RCB,Wicket-Keeper ,India,"January 15, 2000 Bangalore, Karnataka","22 Years, 2 Months, 1 Days",Left-arm medium,Left Handed,,,,,,,,,,,,,,,,,,,,,,,,,,,,,
Rohit Sharma,MI,Batsman ,India,"April 30, 1987 Bansod, Nagpur, Maharashtra","34 Years, 10 Months, 16 Days",Off break,Right Handed,IPL,213,,,,,,,,,,,,,,,,,,,,,,,,,,,
Ishan Kishan,MI,Wicket-Keeper ,India,"July 18, 1998 Patna, Bihar","23 Years, 7 Months, 28 Days",Left-arm medium,Left Handed,,61,,,,,,,,,,,,,,,,,,,,,,,,,,,
Jasprit Bumrah,MI,Bowler ,India,"December 6, 1993 Ahmedabad","28 Years, 3 Months, 9 Days",Right-arm fast,Right Handed,IPL,106,,,,,,,,,,,,,,,,,,,,,,,,,,,
Tim David,MI,All-Rounder ,Singapore,"March 16, 1996","26 Years, 0 Months, -1 Days",Off break,Right Handed,,1,,,,,,,,,,,,,,,,,,,,,,,,,,,
Jofra Archer,MI,All-Rounder ,England,"April 1, 1995 Bridgetown, Barbados","26 Years, 11 Months, 15 Days",Right-arm fast,Right Handed,IPL,35,,,,,,,,,,,,,,,,,,,,,,,,,,,
Suryakumar Yadav,MI,Batsman ,India,"September 14, 1990 Mumbai, Maharashtra","31 Years, 6 Months, 1 Days",Right-arm medium,Right Handed,IPL,115,,,,,,,,,,,,,,,,,,,,,,,,,,,
Kieron Pollard,MI,All-Rounder ,West Indies,"May 12, 1987 Tacarigua, Trinidad","34 Years, 10 Months, 4 Days",Right-arm medium,Right Handed,IPL,178,,,,,,,,,,,,,,,,,,,,,,,,,,,
Dewald Brevis,MI,Batsman ,South Africa,"April 29, 2003 Johannesburg","18 Years, 10 Months, 17 Days",Leg break,Right Handed,,,,,,,,,,,,,,,,,,,,,,,,,,,,,
Daniel Sams,MI,All-Rounder ,Australia,"October 27, 1992 Milperra, New South Wales","29 Years, 4 Months, 19 Days",Left-arm fast medium,Right Handed,IPL,5,,,,,,,,,,,,,,,,,,,,,,,,,,,
Tilak Varma,MI,All-Rounder ,India,"November 8, 2002 Hyderabad, Andhra Pradesh","19 Years, 4 Months, 7 Days",Off break,Left Handed,,,,,,,,,,,,,,,,,,,,,,,,,,,,,
Murugan Ashwin,MI,Bowler ,India,"September 8, 1990 Chennai, Tamil Nadu","31 Years, 6 Months, 7 Days",Leg break googly,Right Handed,IPL,34,,,,,,,,,,,,,,,,,,,,,,,,,,,
Tymal Mills,MI,Bowler ,England,"August 12, 1992 Dewsbury, Yorkshire","29 Years, 7 Months, 3 Days",Left-arm fast,Right Handed,IPL,5,,,,,,,,,,,,,,,,,,,,,,,,,,,
Jaydev Unadkat,MI,Bowler ,India,"October 18, 1991 Porbandar","30 Years, 4 Months, 29 Days",Left-arm medium,Right Handed,IPL,86,,,,,,,,,,,,,,,,,,,,,,,,,,,
Riley Meredith,MI,Bowler ,Australia,"June 21, 1996 Hobart, Tasmania","25 Years, 8 Months, 24 Days",Right-arm fast,Right Handed,IPL,5,,,,,,,,,,,,,,,,,,,,,,,,,,,
Fabian Allen,MI,All-Rounder ,West Indies,"May 7, 1995 Kingston, Jamaica","26 Years, 10 Months, 9 Days",Slow left-arm orthodox,Right Handed,IPL,4,,,,,,,,,,,,,,,,,,,,,,,,,,,
Mayank Markande,MI,Bowler ,India,"November 11, 1997 Bathinda, Punjab","24 Years, 4 Months, 4 Days",Leg break,Right Handed,IPL,18,,,,,,,,,,,,,,,,,,,,,,,,,,,
Sanjay Yadav,MI,All-Rounder ,India,"May 10, 1995 Gorakhpur, Uttar Pradesh","26 Years, 10 Months, 6 Days",Slow left-arm orthodox,Left Handed,,,,,,,,,,,,,,,,,,,,,,,,,,,,,
Basil Thampi,MI,Bowler ,India,"September 11, 1993 Ernakulam, Kerala","28 Years, 6 Months, 4 Days",Right-arm fast medium,Right Handed,IPL,20,,,,,,,,,,,,,,,,,,,,,,,,,,,
Arjun Tendulkar,MI,All-Rounder ,India,"September 24, 1999 Mumbai","22 Years, 5 Months, 22 Days",Left-arm medium fast,Left Handed,,,,,,,,,,,,,,,,,,,,,,,,,,,,,
Ramandeep Singh,MI,All-Rounder ,India,"April 13, 1997 Chandigarh","24 Years, 11 Months, 2 Days",Right-arm medium,Right Handed,,,,,,,,,,,,,,,,,,,,,,,,,,,,,
Anmolpreet Singh,MI,Batsman ,India,"March 28, 1998 Patiala, Punjab","23 Years, 11 Months, 18 Days",Off break,Right Handed,,1,,,,,,,,,,,,,,,,,,,,,,,,,,,
Aryan Juyal,MI,Wicket-Keeper ,India,"November 11, 2001 Moradabad, Uttar Pradesh","20 Years, 4 Months, 4 Days",,Right Handed,,,,,,,,,,,,,,,,,,,,,,,,,,,,,
Arshad Khan,MI,All-Rounder ,India,"December 20, 1997 Gopalganj","24 Years, 2 Months, 26 Days",Left-arm medium,Left Handed,,,,,,,,,,,,,,,,,,,,,,,,,,,,,
Rahul Buddhi,MI,Batsman ,India,"September 20, 1997 Hyderabad","24 Years, 5 Months, 25 Days",Off break,Left Handed,,,,,,,,,,,,,,,,,,,,,,,,,,,,,
Hrithik Shokeen,MI,All-Rounder ,India,"August 14, 2000 Delhi","21 Years, 7 Months, 1 Days",Off break,Right Handed,,,,,,,,,,,,,,,,,,,,,,,,,,,,,
Ravindra Jadeja,CSK,All-Rounder ,India,"December 6, 1988 Navagam-Khed, Saurashtra","33 Years, 3 Months, 9 Days",Slow left-arm orthodox,Left Handed,IPL,200,,,,,,,,,,,,,,,,,,,,,,,,,,,
Deepak Chahar,CSK,Bowler ,India,"August 7, 1992 Agra, Uttar Pradesh","29 Years, 7 Months, 8 Days",Right-arm medium,Right Handed,IPL,63,,,,,,,,,,,,,,,,,,,,,,,,,,,
MS Dhoni,CSK,Wicket-Keeper ,India,"July 7, 1981 Ranchi, Bihar (now Jharkhand)","40 Years, 8 Months, 8 Days",Right-arm medium,Right Handed,,220,,,,,,,,,,,,,,,,,,,,,,,,,,,
Moeen Ali,CSK,All-Rounder ,England,"June 18, 1987 Birmingham, Warwickshire","34 Years, 8 Months, 28 Days",Off break,Left Handed,IPL,34,,,,,,,,,,,,,,,,,,,,,,,,,,,
Ambati Rayudu,CSK,Wicket-Keeper ,India,"September 23, 1985 Guntur,Andhra Pradesh","36 Years, 5 Months, 22 Days",Off break,Right Handed,,175,,,,,,,,,,,,,,,,,,,,,,,,,,,
Ruturaj Gaikwad,CSK,Batsman ,India,"January 31, 1997 Pune, Maharashtra","25 Years, 1 Months, 12 Days",Off break,Right Handed,,22,,,,,,,,,,,,,,,,,,,,,,,,,,,
Dwayne Bravo,CSK,All-Rounder ,West Indies,"October 7, 1983 Santa Cruz, Trinidad","38 Years, 5 Months, 9 Days",Right-arm medium,Right Handed,IPL,151,,,,,,,,,,,,,,,,,,,,,,,,,,,
Shivam Dube,CSK,All-Rounder ,India,"June 26, 1993 Mumbai","28 Years, 8 Months, 19 Days",Right-arm medium,Left Handed,IPL,24,,,,,,,,,,,,,,,,,,,,,,,,,,,
Chris Jordan,CSK,All-Rounder ,England,"October 4, 1988 Barbados","33 Years, 5 Months, 11 Days",Right-arm fast medium,Right Handed,IPL,24,,,,,,,,,,,,,,,,,,,,,,,,,,,
Robin Uthappa,CSK,Batsman ,India,"November 11, 1985 Coorg, Karnataka","36 Years, 4 Months, 4 Days",Right-arm medium,Right Handed,,193,,,,,,,,,,,,,,,,,,,,,,,,,,,
Mitchell Santner,CSK,All-Rounder ,New Zealand,"February 5, 1992 Hamilton","30 Years, 1 Months, 8 Days",Slow left-arm orthodox,Left Handed,IPL,6,,,,,,,,,,,,,,,,,,,,,,,,,,,
Adam Milne,CSK,Bowler ,New Zealand,"April 13, 1992 Palmerston North","29 Years, 11 Months, 2 Days",Right-arm fast,Right Handed,IPL,9,,,,,,,,,,,,,,,,,,,,,,,,,,,
Rajvardhan Hangargekar,CSK,All-Rounder ,India,"November 10, 2002 Tuljapur, Maharashtra","19 Years, 4 Months, 5 Days",Right-arm medium,Right Handed,,,,,,,,,,,,,,,,,,,,,,,,,,,,,
Prashant Solanki,CSK,Bowler ,India,"February 22, 2000","22 Years, 0 Months, 22 Days",Leg break,Right Handed,,,,,,,,,,,,,,,,,,,,,,,,,,,,,
Devon Conway,CSK,Batsman ,South Africa,"July 8, 1991 Johannesburg, Transvaal","30 Years, 8 Months, 8 Days",Right-arm medium,Left Handed,,,,,,,,,,,,,,,,,,,,,,,,,,,,,
Maheesh Theekshana,CSK,Bowler ,Sri Lanka,"August 1, 2000 Colombo","21 Years, 7 Months, 14 Days",Off break,Right Handed,,,,,,,,,,,,,,,,,,,,,,,,,,,,,
Dwaine Pretorius,CSK,All-Rounder ,,,,,,,,,,,,,,,,,,,,,,,,,,,,,,,,,,
Narayan Jagadeesan,CSK,Wicket-Keeper ,India,"December 24, 1995 Coimbatore, Tamil Nadu","26 Years, 2 Months, 23 Days",,Right Handed,,5,,,,,,,,,,,,,,,,,,,,,,,,,,,
KM Asif,CSK,Bowler ,India,"July 24, 1993 Edavanna,Malappuram","28 Years, 7 Months, 22 Days",Right-arm medium,Right Handed,IPL,3,,,,,,,,,,,,,,,,,,,,,,,,,,,
Tushar Deshpande,CSK,Bowler ,India,"May 15, 1995 Mumbai","26 Years, 10 Months, 1 Days",Right-arm medium,Left Handed,IPL,5,,,,,,,,,,,,,,,,,,,,,,,,,,,
Subhranshu Senapati,CSK,Batsman ,India,"December 30, 1996 Keonijhar, Orissa","25 Years, 2 Months, 16 Days",Right-arm medium,Right Handed,,,,,,,,,,,,,,,,,,,,,,,,,,,,,
Bhagath Varma,CSK,All-Rounder ,India,"September 21, 1998 Hyderabad, Andrha Pradesh","23 Years, 5 Months, 24 Days",Off break,Right Handed,,,,,,,,,,,,,,,,,,,,,,,,,,,,,
Simarjeet Singh,CSK,Bowler ,India,"January 17, 1998 Delhi","24 Years, 1 Months, 26 Days",Right-arm fast medium,Right Handed,,,,,,,,,,,,,,,,,,,,,,,,,,,,,
Hari Nishaanth,CSK,Batsman ,India,"August 16, 1996 Ooty (now Udagamandalam), Tamil Nadu","25 Years, 7 Months, -1 Days",Off break,Left Handed,,,,,,,,,,,,,,,,,,,,,,,,,,,,,
Mukesh Choudhary,CSK,Bowler ,India,"July 6, 1996 Pardodas, Bhilwara, Rajsthan","25 Years, 8 Months, 9 Days",Left-arm fast medium,Left Handed,,,,,,,,,,,,,,,,,,,,,,,,,,,,,
Shreyas Iyer,KKR,Batsman ,India,"December 6, 1994 Mumbai","27 Years, 3 Months, 9 Days",Leg break googly,Right Handed,,87,,,,,,,,,,,,,,,,,,,,,,,,,,,
Andre Russell,KKR,All-Rounder ,West Indies,"April 29, 1988 Jamaica","33 Years, 10 Months, 16 Days",Right-arm fast,Right Handed,IPL,84,,,,,,,,,,,,,,,,,,,,,,,,,,,
Nitish Rana,KKR,All-Rounder ,India,"December 27, 1993 Delhi","28 Years, 2 Months, 19 Days",Off break,Left Handed,IPL,77,,,,,,,,,,,,,,,,,,,,,,,,,,,
Varun Chakravarthy,KKR,Bowler ,India,"August 29, 1991 Bidar, Karnataka","30 Years, 6 Months, 18 Days",Leg break googly,Right Handed,IPL,31,,,,,,,,,,,,,,,,,,,,,,,,,,,
Venkatesh Iyer,KKR,All-Rounder ,India,"December 25, 1994 Indore, Madhya Pradesh","27 Years, 2 Months, 21 Days",Right-arm medium,Left Handed,IPL,10,,,,,,,,,,,,,,,,,,,,,,,,,,,
Shivam Mavi,KKR,All-Rounder ,India,"November 26, 1998 Noida, Uttar Pradesh","23 Years, 3 Months, 19 Days",Right-arm fast medium,Right Handed,IPL,26,,,,,,,,,,,,,,,,,,,,,,,,,,,
Pat Cummins,KKR,All-Rounder ,Australia,"May 8, 1993 Westmead, Sydney","28 Years, 10 Months, 7 Days",Right-arm fast,Right Handed,IPL,37,,,,,,,,,,,,,,,,,,,,,,,,,,,
Sunil Narine,KKR,All-Rounder ,West Indies,"May 26, 1988 Arima","33 Years, 9 Months, 20 Days",Off break,Left Handed,IPL,134,,,,,,,,,,,,,,,,,,,,,,,,,,,
Umesh Yadav,KKR,Bowler ,India,"October 25, 1987 Nagpur, Maharashtra","34 Years, 4 Months, 22 Days",Right-arm fast,Right Handed,IPL,121,,,,,,,,,,,,,,,,,,,,,,,,,,,
Sam Billings,KKR,Wicket-Keeper ,England,"June 15, 1991 Pembury, Kent","30 Years, 9 Months, 1 Days",,Right Handed,,22,,,,,,,,,,,,,,,,,,,,,,,,,,,
Tim Southee,KKR,Bowler ,New Zealand,"December 11, 1988 Whangarei, Northland","33 Years, 3 Months, 4 Days",Right-arm medium fast,Right Handed,IPL,43,,,,,,,,,,,,,,,,,,,,,,,,,,,
Alex Hales,KKR,Batsman ,England,"January 3, 1989 Hillingdon, Middlesex","33 Years, 2 Months, 12 Days",Right-arm medium,Right Handed,,6,,,,,,,,,,,,,,,,,,,,,,,,,,,
Mohammad Nabi,KKR,All-Rounder ,Afghanistan,"January 1, 1985 Loger, Afghanistan","37 Years, 2 Months, 14 Days",Off break,Right Handed,IPL,17,,,,,,,,,,,,,,,,,,,,,,,,,,,
Ajinkya Rahane,KKR,Batsman ,India,"June 6, 1988 Ashwi-KD,Maharashtra","33 Years, 9 Months, 9 Days",Right-arm medium,Right Handed,IPL,151,,,,,,,,,,,,,,,,,,,,,,,,,,,
Sheldon Jackson,KKR,Wicket-Keeper ,,,,,,,,,,,,,,,,,,,,,,,,,,,,,,,,,,
Rinku Singh,KKR,Batsman ,India,"October 12, 1997 Aligarh, Uttar Pradesh","24 Years, 5 Months, 3 Days",Off break,Left Handed,,10,,,,,,,,,,,,,,,,,,,,,,,,,,,
Ashok Sharma,KKR,Bowler ,India,"June 17, 2002","19 Years, 8 Months, 28 Days",Right-arm medium fast,Right Handed,,,,,,,,,,,,,,,,,,,,,,,,,,,,,
Chamika Karunaratne,KKR,All-Rounder ,Sri Lanka,"May 29, 1996","25 Years, 9 Months, 17 Days",,,Cricket,,,,,,,,,,,,,,,,,,,,,,,,,,,,
Abhijeet Tomar,KKR,Batsman ,India,"March 14, 1995 Jaipur, Rajasthan","27 Years, 0 Months, 2 Days",Off break,Right Handed,,,,,,,,,,,,,,,,,,,,,,,,,,,,,
Anukul Roy,KKR,All-Rounder ,India,"November 30, 1998 Saraikela Kharswan, Jharkhand","23 Years, 3 Months, 15 Days",Slow left-arm orthodox,Left Handed,IPL,1,,,,,,,,,,,,,,,,,,,,,,,,,,,
Pratham Singh,KKR,Batsman ,India,"August 31, 1992 Delhi","29 Years, 6 Months, 15 Days",Off break,Left Handed,,,,,,,,,,,,,,,,,,,,,,,,,,,,,
Rasikh Dar,KKR,Bowler ,India,"April 5, 2001","20 Years, 11 Months, 10 Days",Right-arm medium,Right Handed,IPL,1,,,,,,,,,,,,,,,,,,,,,,,,,,,
Ramesh Kumar,KKR,Batsman ,India,"January 1, 1999","23 Years, 2 Months, 14 Days",,Left Handed,,,,,,,,,,,,,,,,,,,,,,,,,,,,,
Aman Khan,KKR,All-Rounder ,India,"November 23, 1996","25 Years, 3 Months, 22 Days",Right-arm medium,Right Handed,,,,,,,,,,,,,,,,,,,,,,,,,,,,,
Baba Indrajith,KKR,Wicket-Keeper ,India,"July 8, 1994 Madras (now Chennai)","27 Years, 8 Months, 7 Days",Leg break googly,Right Handed,,,,,,,,,,,,,,,,,,,,,,,,,,,,,
Rishabh Pant,DC,Wicket-Keeper ,India,"October 4, 1997 Haridwar, Uttarakhand","24 Years, 5 Months, 11 Days",,Left Handed,,84,,,,,,,,,,,,,,,,,,,,,,,,,,,
Shardul Thakur,DC,Bowler ,India,"October 16, 1991 Palghar, Maharashtra","30 Years, 5 Months, 0 Days",Right-arm medium fast,Right Handed,IPL,61,,,,,,,,,,,,,,,,,,,,,,,,,,,
Axar Patel,DC,All-Rounder ,India,"January 20, 1994 Anand, Gujarat","28 Years, 1 Months, 23 Days",Slow left-arm orthodox,Left Handed,IPL,109,,,,,,,,,,,,,,,,,,,,,,,,,,,
Prithvi Shaw,DC,Batsman ,India,"November 9, 1999 Thane, Maharashtra","22 Years, 4 Months, 7 Days",Off break,Right Handed,,53,,,,,,,,,,,,,,,,,,,,,,,,,,,
Mitchell Marsh,DC,All-Rounder ,Australia,"October 20, 1991 Attadale, Perth","30 Years, 4 Months, 27 Days",Right-arm medium,Right Handed,IPL,21,,,,,,,,,,,,,,,,,,,,,,,,,,,
Anrich Nortje,DC,Bowler ,South Africa,"November 16, 1993","28 Years, 4 Months, -1 Days",Right-arm fast,Right Handed,IPL,24,,,,,,,,,,,,,,,,,,,,,,,,,,,
David Warner,DC,Batsman ,Australia,"October 27, 1986 Paddington, New South Wales","35 Years, 4 Months, 19 Days",Leg break,Left Handed,IPL,150,,,,,,,,,,,,,,,,,,,,,,,,,,,
Khaleel Ahmed,DC,Bowler ,India,"December 5, 1997 Tonk, Rajasthan","24 Years, 3 Months, 10 Days",Left-arm medium,Right Handed,IPL,24,,,,,,,,,,,,,,,,,,,,,,,,,,,
Chetan Sakariya,DC,Bowler ,India,"February 28, 1998 Bhavnagar","24 Years, 0 Months, 15 Days",Left-arm medium fast,Left Handed,IPL,14,,,,,,,,,,,,,,,,,,,,,,,,,,,
Rovman Powell,DC,Batsman ,West Indies,"July 23, 1993","28 Years, 7 Months, 23 Days",Right-arm medium fast,Right Handed,,,,,,,,,,,,,,,,,,,,,,,,,,,,,
Kuldeep Yadav,DC,Bowler ,India,"December 14, 1994 Kanpur, Uttar Pradesh","27 Years, 3 Months, 1 Days",Slow left-arm chinaman,Left Handed,IPL,45,,,,,,,,,,,,,,,,,,,,,,,,,,,
Srikar Bharat,DC,Wicket-Keeper ,India,"October 3, 1993 Visakhapatnam, Andhra Pradesh","28 Years, 5 Months, 12 Days",,Right Handed,,8,,,,,,,,,,,,,,,,,,,,,,,,,,,
Mustafizur Rahman,DC,Bowler ,Bangladesh,"September 6, 1995 Satkhira","26 Years, 6 Months, 10 Days",Left-arm fast medium,Left Handed,IPL,38,,,,,,,,,,,,,,,,,,,,,,,,,,,
Kamlesh Nagarkoti,DC,All-Rounder ,India,"December 28, 1999 Barmer, Rajasthan","22 Years, 2 Months, 19 Days",Right-arm fast,Right Handed,IPL,11,,,,,,,,,,,,,,,,,,,,,,,,,,,
Mandeep Singh,DC,Batsman ,India,"December 18, 1991 Jalandhar, Punjab","30 Years, 2 Months, 29 Days",Right-arm medium,Right Handed,IPL,105,,,,,,,,,,,,,,,,,,,,,,,,,,,
Lalit Yadav,DC,All-Rounder ,India,"January 3, 1997 Delhi","25 Years, 2 Months, 12 Days",Off break,Right Handed,IPL,7,,,,,,,,,,,,,,,,,,,,,,,,,,,
Yash Dhull,DC,All-Rounder ,India,"November 11, 2002","19 Years, 4 Months, 4 Days",Off break,Right Handed,,,,,,,,,,,,,,,,,,,,,,,,,,,,,
Lungi Ngidi,DC,Bowler ,South Africa,"March 29, 1996 Durban, Natal","25 Years, 11 Months, 17 Days",Right-arm fast medium,Right Handed,IPL,14,,,,,,,,,,,,,,,,,,,,,,,,,,,
Tim Seifert,DC,Wicket-Keeper ,New Zealand,"December 14, 1994 Wanganui","27 Years, 3 Months, 1 Days",,Right Handed,,1,,,,,,,,,,,,,,,,,,,,,,,,,,,
Pravin Dubey,DC,All-Rounder ,India,"July 1, 1993 Azamgarh, Uttar Pradesh","28 Years, 8 Months, 14 Days",Leg break googly,Right Handed,IPL,3,,,,,,,,,,,,,,,,,,,,,,,,,,,
Ashwin Hebbar,DC,Batsman ,India,"November 15, 1995 Nellore, Andhra Pradesh","26 Years, 4 Months, 1 Days",Right-arm medium,Right Handed,,,,,,,,,,,,,,,,,,,,,,,,,,,,,
Ripal Patel,DC,All-Rounder ,India,"September 28, 1995 Nadiad","26 Years, 5 Months, 18 Days",Right-arm medium fast,Right Handed,IPL,2,,,,,,,,,,,,,,,,,,,,,,,,,,,
Vicky Ostwal,DC,All-Rounder ,India,"September 1, 2002","19 Years, 6 Months, 14 Days",Slow left-arm orthodox,Right Handed,,,,,,,,,,,,,,,,,,,,,,,,,,,,,
Sarfaraz Khan,DC,All-Rounder ,India,"October 22, 1997 Mumbai","24 Years, 4 Months, 24 Days",Leg break,Right Handed,IPL,40,,,,,,,,,,,,,,,,,,,,,,,,,,,
KL Rahul,LSG,Wicket-keeper ,India,"April 18, 1992 Bangalore, Karnataka","29 Years, 10 Months, 27 Days",,Right Handed,,94,,,,,,,,,,,,,,,,,,,,,,,,,,,
Avesh Khan,LSG,Bowler ,India,"December 13, 1996 Indore, Madhya Pradesh","25 Years, 3 Months, 2 Days",Right-arm medium fast,Right Handed,IPL,25,,,,,,,,,,,,,,,,,,,,,,,,,,,
Marcus Stoinis,LSG,All-Rounder ,Australia,"August 16, 1989 Perth","32 Years, 7 Months, -1 Days",Right-arm medium,Right Handed,IPL,56,,,,,,,,,,,,,,,,,,,,,,,,,,,
Jason Holder,LSG,All-Rounder ,West Indies,"November 5, 1991 Barbados","30 Years, 4 Months, 11 Days",Right-arm medium fast,Right Handed,IPL,26,,,,,,,,,,,,,,,,,,,,,,,,,,,
Krunal Pandya,LSG,All-Rounder ,India,"March 24, 1991 Ahmedabad, Gujarat","30 Years, 11 Months, 23 Days",Slow left-arm orthodox,Left Handed,IPL,84,,,,,,,,,,,,,,,,,,,,,,,,,,,
Mark Wood,LSG,Bowler ,England,"January 11, 1990 Ashington, Northumberland","32 Years, 2 Months, 4 Days",Right-arm fast,Right Handed,IPL,1,,,,,,,,,,,,,,,,,,,,,,,,,,,
Quinton de Kock,LSG,Wicket-Keeper ,South Africa,"December 17, 1992 Johannesburg, Gauteng","29 Years, 2 Months, 29 Days",,Left Handed,,77,,,,,,,,,,,,,,,,,,,,,,,,,,,
Deepak Hooda,LSG,All-Rounder ,India,"April 19, 1995 Rohtak","26 Years, 10 Months, 27 Days",Off break,Right Handed,IPL,80,,,,,,,,,,,,,,,,,,,,,,,,,,,
Manish Pandey,LSG,Batsman ,India,"September 10, 1989 Nainital, Uttaranchal","32 Years, 6 Months, 5 Days",Right-arm medium,Right Handed,,154,,,,,,,,,,,,,,,,,,,,,,,,,,,
Ravi Bishnoi,LSG,Bowler ,India,"September 5, 2000 Jodhpur, Rajasthan","21 Years, 6 Months, 10 Days",Leg break googly,Right Handed,IPL,23,,,,,,,,,,,,,,,,,,,,,,,,,,,
Evin Lewis,LSG,Batsman ,,,,,,,,,,,,,,,,,,,,,,,,,,,,,,,,,,
Dushmantha Chameera,LSG,Bowler ,Sri Lanka,"January 11, 1992 Ragama","30 Years, 2 Months, 5 Days",Right-arm fast,Right Handed,,,,,,,,,,,,,,,,,,,,,,,,,,,,,
Krishnappa Gowtham,LSG,All-Rounder ,India,"October 20, 1988 Bangalore, Karnataka","33 Years, 4 Months, 26 Days",Off break,Right Handed,IPL,24,,,,,,,,,,,,,,,,,,,,,,,,,,,
Kyle Mayers,LSG,All-Rounder ,West Indies,"September 8, 1992 Barbados","29 Years, 6 Months, 7 Days",Right-arm medium,Left Handed,,,,,,,,,,,,,,,,,,,,,,,,,,,,,
Shahbaz Nadeem,LSG,Bowler ,India,"August 12, 1989 Bokaro, Bihar, India","32 Years, 7 Months, 3 Days",Slow left-arm orthodox,Right Handed,IPL,72,,,,,,,,,,,,,,,,,,,,,,,,,,,
Ankit Rajpoot,LSG,Bowler ,India,"December 4, 1993 Kanpur","28 Years, 3 Months, 11 Days",Right-arm fast,Right Handed,IPL,29,,,,,,,,,,,,,,,,,,,,,,,,,,,
Mohsin Khan,LSG,Bowler ,India,"July 15, 1998 Sambhal, Uttar Pradesh","23 Years, 8 Months, 0 Days",Left-arm medium fast,Left Handed,,,,,,,,,,,,,,,,,,,,,,,,,,,,,
Ayush Badoni,LSG,All-Rounder ,India,"December 3, 1999 Delhi","22 Years, 3 Months, 13 Days",Off break,Right Handed,,,,,,,,,,,,,,,,,,,,,,,,,,,,,
Karan Sharma,LSG,All-Rounder ,India,"October 31, 1998","23 Years, 4 Months, 15 Days",Off break,Right Handed,,,,,,,,,,,,,,,,,,,,,,,,,,,,,
Mayank Yadav,LSG,Bowler ,India,"June 17, 2002 New Delhi","19 Years, 8 Months, 28 Days",Right-arm medium fast,Right Handed,,,,,,,,,,,,,,,,,,,,,,,,,,,,,
Manan Vohra,LSG,Batsman ,India,"July 18, 1993 Chandigarh, Punjab","28 Years, 7 Months, 28 Days",Right-arm medium,Right Handed,,53,,,,,,,,,,,,,,,,,,,,,,,,,,,
Rashid Khan,GT,Bowler ,Afghanistan,"September 20, 1998 Nangarhar","23 Years, 5 Months, 25 Days",Leg break googly,Right Handed,IPL,76,,,,,,,,,,,,,,,,,,,,,,,,,,,
Hardik Pandya,GT,All-Rounder ,India,"October 11, 1993 Choryasi, Gujarat","28 Years, 5 Months, 4 Days",Right-arm medium fast,Right Handed,IPL,92,,,,,,,,,,,,,,,,,,,,,,,,,,,
Lockie Ferguson,GT,Bowler ,New Zealand,"June 13, 1991 Auckland","30 Years, 9 Months, 3 Days",Right-arm fast,Right Handed,IPL,22,,,,,,,,,,,,,,,,,,,,,,,,,,,
Rahul Tewatia,GT,All-Rounder ,,,,,,,,,,,,,,,,,,,,,,,,,,,,,,,,,,
Shubman Gill,GT,Batsman ,India,"September 8, 1999 Fazilka, Punjab","22 Years, 6 Months, 8 Days",Off break,Right Handed,,58,,,,,,,,,,,,,,,,,,,,,,,,,,,
Mohammed Shami,GT,Bowler ,India,"September 3, 1990 Amroha, Uttar Pradesh","31 Years, 6 Months, 12 Days",Right-arm fast,Right Handed,IPL,77,,,,,,,,,,,,,,,,,,,,,,,,,,,
Yash Dayal,GT,Bowler ,India,"December 13, 1997","24 Years, 3 Months, 2 Days",Left-arm medium fast,Left Handed,,,,,,,,,,,,,,,,,,,,,,,,,,,,,
Ravisrinivasan Sai Kishore,GT,Bowler ,India,"November 6, 1996 Chennai, Tamil Nadu","25 Years, 4 Months, 9 Days",Slow left-arm orthodox,Left Handed,,,,,,,,,,,,,,,,,,,,,,,,,,,,,
David Miller,GT,Batsman ,South Africa,"June 10, 1989 Pietermaritzburg, Natal","32 Years, 9 Months, 5 Days",Off break,Left Handed,,89,,,,,,,,,,,,,,,,,,,,,,,,,,,
Abhinav Manohar,GT,Batsman ,India,"September 16, 1994 Bangalore","27 Years, 6 Months, -1 Days",Leg break googly,Right Handed,,,,,,,,,,,,,,,,,,,,,,,,,,,,,
Alzarri Joseph,GT,Bowler ,West Indies,"November 20, 1996 Antigua","25 Years, 3 Months, 25 Days",Right-arm fast medium,Right Handed,IPL,3,,,,,,,,,,,,,,,,,,,,,,,,,,,
Matthew Wade,GT,Wicket-Keeper ,Australia,"December 26, 1987 Hobart, Tasmania","34 Years, 2 Months, 21 Days",Right-arm medium,Left Handed,,3,,,,,,,,,,,,,,,,,,,,,,,,,,,
Jason Roy,GT,Batsman ,England,"July 21, 1990 Durban, South Africa","31 Years, 7 Months, 25 Days",,Right Handed,,13,,,,,,,,,,,,,,,,,,,,,,,,,,,
Wriddhiman Saha,GT,Wicket-Keeper ,India,"October 24, 1984 Shaktigarh","37 Years, 4 Months, 22 Days",,Right Handed,,133,,,,,,,,,,,,,,,,,,,,,,,,,,,
Jayant Yadav,GT,All-Rounder ,India,"January 22, 1990 Delhi","32 Years, 1 Months, 21 Days",Off break,Right Handed,IPL,19,,,,,,,,,,,,,,,,,,,,,,,,,,,
Vijay Shankar,GT,All-Rounder ,India,"January 26, 1991 Tirunelveli, Tamil Nadu","31 Years, 1 Months, 18 Days",Right-arm medium,Right Handed,IPL,47,,,,,,,,,,,,,,,,,,,,,,,,,,,
Dominic Drakes,GT,All-Rounder ,West Indies,"February 6, 1998","24 Years, 1 Months, 6 Days",Left-arm fast medium,Left Handed,,,,,,,,,,,,,,,,,,,,,,,,,,,,,
Varun Aaron,GT,Bowler ,India,"October 29, 1989 Singhbhum, Bihar (now Jharkhand)","32 Years, 4 Months, 17 Days",Right-arm fast,Right Handed,IPL,50,,,,,,,,,,,,,,,,,,,,,,,,,,,
Gurkeerat Singh Mann,GT,All-Rounder ,India,"June 29, 1990 Muktsar, Punjab","31 Years, 8 Months, 16 Days",Off break,Right Handed,IPL,41,,,,,,,,,,,,,,,,,,,,,,,,,,,
Noor Ahmad,GT,Bowler ,Afghanistan,"January 3, 2005","17 Years, 2 Months, 12 Days",Slow left-arm chinaman,Right Handed,,,,,,,,,,,,,,,,,,,,,,,,,,,,,
Darshan Nalkande,GT,All-Rounder ,India,"October 4, 1998 Wardha, Maharashtra","23 Years, 5 Months, 11 Days",Right-arm fast medium,Right Handed,,,,,,,,,,,,,,,,,,,,,,,,,,,,,
Sai Sudharsan,GT,All-Rounder ,India,"October 15, 2001","20 Years, 5 Months, 0 Days",Leg break,Left Handed,,,,,,,,,,,,,,,,,,,,,,,,,,,,,
Pradeep Sangwan,GT,All-Rounder ,India,"November 5, 1990 Rasiwas, Delhi","31 Years, 4 Months, 10 Days",Left-arm medium,Right Handed,IPL,39,,,,,,,,,,,,,,,,,,,,,,,,,,,